id,name,street,city,state,zip,country,phone,fax_phone,contact,manufacturer,vendor,customer,parent,notes,stock_symbol,stock_price,primary,banner_image,banner_text,latitude,longitude,lat_long_error,vendor_type,fiscal_year,num_employees,publicly_traded,website,discount,rank_tier,vendor_manager,sys_class_name,sys_id,sys_updated_by,sys_updated_on,sys_created_by,sys_created_on,sys_mod_count,profits,market_cap,revenue_per_year,theme,banner_image_light,apple_icon,coordinates_retrieved_on
1,N/A,"6922 Hollywood Blvd., 4th floor","Los Angeles, CA 90028",NULL,NULL,NULL,1 (800) 958-2983,NULL,NULL,1,0,0,NULL,NULL,EMC,23.29,0,NULL,NULL,NULL,NULL,2: couldn't find this address! sorry,NULL,NULL,12,0,www.eatsleepmusic.com,NULL,NULL,NULL,core_company,0c43af40c6112275011a4bd4c0143fbf,admin,2013-05-06 23:44:48,guest,2005-05-24 01:14:19,50,0.0000,48930000000.0000,22010000000.0000,NULL,NULL,NULL,NULL
2,GenuineIntel,NULL,NULL,NULL,NULL,NULL,NULL,NULL,NULL,1,0,0,NULL,NULL,NULL,NULL,0,NULL,NULL,NULL,NULL,NULL,NULL,NULL,NULL,0,NULL,NULL,NULL,NULL,core_company,0c43b088c6112275011a4bd46a4e6cc4,admin,2013-06-05 17:53:26,guest,2005-05-24 01:14:19,2,0.0000,0.0000,0.0000,NULL,NULL,NULL,NULL
3,Cinematronics,NULL,NULL,NULL,NULL,NULL,NULL,NULL,NULL,1,0,0,NULL,NULL,NULL,NULL,0,NULL,NULL,NULL,NULL,NULL,NULL,NULL,NULL,0,NULL,NULL,NULL,NULL,core_company,0c43ba9ac61122750000251539b4eebd,admin,2013-06-05 16:55:18,guest,2005-05-24 01:14:22,2,0.0000,0.0000,0.0000,NULL,NULL,NULL,NULL
4,In Focus Systems,"13190 SW 68th Parkway, Suite 200",Portland,OR,97223-8368,USA,(503) 207-4700,NULL,NULL,1,1,0,NULL,NULL,NULL,NULL,0,NULL,NULL,45.4247080,-122.7471460,NULL,8a8d53de37400100fceabfc8bcbe5d1e,NULL,100,0,NULL,NULL,NULL,NULL,core_company,0c43bc21c611227500002515ef0dfb71,admin,2013-05-09 19:09:13,guest,2005-05-24 01:14:22,6,0.0000,0.0000,0.0000,NULL,NULL,NULL,NULL
5,Information Research,NULL,NULL,NULL,NULL,NULL,NULL,NULL,NULL,1,0,0,NULL,NULL,NULL,NULL,0,NULL,NULL,NULL,NULL,NULL,NULL,NULL,NULL,0,NULL,NULL,NULL,NULL,core_company,0c43bcccc61122750000251548b1d9de,admin,2012-10-14 11:59:41,guest,2005-05-24 01:14:22,1,0.0000,0.0000,0.0000,NULL,NULL,NULL,NULL
6,Andrea Electronics,NULL,NULL,NULL,NULL,NULL,NULL,NULL,NULL,1,0,0,NULL,NULL,NULL,NULL,0,NULL,NULL,NULL,NULL,NULL,NULL,NULL,NULL,0,NULL,NULL,NULL,NULL,core_company,0c43bcdcc611227500002515168ec227,admin,2013-06-05 16:28:58,guest,2005-05-24 01:14:22,2,0.0000,0.0000,0.0000,NULL,NULL,NULL,NULL
7,Creative Labs,701 Market Street,St. Augustine,FL,32095,USA,(904) 824-3133,(302) 421-5753,NULL,1,1,0,NULL,NULL,CLCN,0.55,0,NULL,NULL,NULL,NULL,2: couldn't find this address! sorry,8a8d53de37400100fceabfc8bcbe5d1e,NULL,12,0,NULL,NULL,NULL,NULL,core_company,0c43bd69c611227500002515789e7ff2,admin,2013-05-07 05:50:23,guest,2005-05-24 01:14:22,8,0.0000,0.0000,0.0000,NULL,NULL,NULL,NULL
8,Macromedia,345 Park Avenue,San Jose,CA,95110-2704,NULL,(408) 536-6000,(408) 536-6000,NULL,1,1,0,NULL,NULL,MACR,34.13,0,NULL,NULL,37.3294070,-121.8950570,NULL,8a8d53de37400100fceabfc8bcbe5d1e,NULL,1445,1,www.macromedia.com,NULL,NULL,NULL,core_company,0c43bd78c61122750000251597fb0103,admin,2013-05-09 18:29:49,guest,2005-05-24 01:14:22,6,0.0000,0.0000,0.0000,NULL,NULL,NULL,NULL
9,"CoreLogic, Inc.","40 Pacifica Suite 900
",Santa Ana,CA,92618-7471,U.S,(949) 250-6400,(949) 250-6400,NULL,1,1,0,NULL,NULL,CLGX,27.63,0,NULL,NULL,33.6593560,-117.7537210,NULL,8a8d53de37400100fceabfc8bcbe5d1e,NULL,4800,0,NULL,NULL,NULL,NULL,core_company,0c43bd98c6112275000025151126b17e,admin,2013-06-05 22:31:21,guest,2005-05-24 01:14:23,7,0.0000,0.0000,0.0000,NULL,NULL,NULL,NULL
10,SAP America,NULL,NULL,NULL,NULL,NULL,NULL,NULL,NULL,1,1,0,NULL,NULL,NULL,NULL,0,NULL,NULL,NULL,NULL,NULL,569d6263df300100cd7da5f59bf2632c,NULL,NULL,0,NULL,NULL,NULL,NULL,core_company,0c43bda7c611227500002515fd14d70d,admin,2013-06-05 21:15:26,guest,2005-05-24 01:14:23,4,0.0000,0.0000,0.0000,NULL,NULL,NULL,NULL
11,Learn2.Com,NULL,NULL,NULL,NULL,NULL,NULL,NULL,NULL,1,0,0,NULL,NULL,NULL,NULL,0,NULL,NULL,NULL,NULL,NULL,NULL,NULL,NULL,0,NULL,NULL,NULL,NULL,core_company,0c43be53c611227500002515cd19ed7d,admin,2013-06-05 18:27:36,guest,2005-05-24 01:14:23,2,0.0000,0.0000,0.0000,NULL,NULL,NULL,NULL
12,Insight Development,NULL,NULL,NULL,NULL,NULL,NULL,NULL,NULL,1,0,0,NULL,NULL,NULL,NULL,0,NULL,NULL,NULL,NULL,NULL,NULL,NULL,NULL,0,NULL,NULL,NULL,NULL,core_company,0c43be72c611227500002515a69ea73c,admin,2012-10-14 11:59:41,guest,2005-05-24 01:14:23,1,0.0000,0.0000,0.0000,NULL,NULL,NULL,NULL
13,Novell,NULL,NULL,NULL,NULL,NULL,NULL,NULL,NULL,1,0,0,NULL,NULL,NULL,NULL,0,NULL,NULL,NULL,NULL,NULL,NULL,NULL,NULL,0,NULL,NULL,NULL,NULL,core_company,0c43bf0fc611227500002515586fd903,admin,2013-06-05 20:42:17,guest,2005-05-24 01:14:23,2,0.0000,0.0000,0.0000,NULL,NULL,NULL,NULL
14,Zero G,NULL,NULL,NULL,NULL,NULL,NULL,NULL,NULL,1,0,0,NULL,NULL,NULL,NULL,0,NULL,NULL,NULL,NULL,NULL,NULL,NULL,NULL,0,NULL,NULL,NULL,NULL,core_company,0c43c047c6112275000025158ee27ebb,admin,2013-06-05 22:11:31,guest,2005-05-24 01:14:23,2,0.0000,0.0000,0.0000,NULL,NULL,NULL,NULL
15,Lucasarts Entertainment,500 South Buena Vista Street,Burbank,CA,91521,NULL,(818) 560-1000,(818) 560-1000,NULL,1,1,0,NULL,NULL,NULL,NULL,0,NULL,NULL,34.1544790,-118.3263920,NULL,8a8d53de37400100fceabfc8bcbe5d1e,NULL,10,0,www.lucasarts.com,NULL,NULL,NULL,core_company,0c43c066c61122750000251569ca4333,admin,2013-05-09 18:33:27,guest,2005-05-24 01:14:23,6,0.0000,0.0000,0.0000,NULL,NULL,NULL,NULL
16,Analog Devices,NULL,NULL,NULL,NULL,NULL,NULL,NULL,NULL,1,0,0,NULL,NULL,NULL,NULL,0,NULL,NULL,NULL,NULL,NULL,NULL,NULL,NULL,0,NULL,NULL,NULL,NULL,core_company,0c43c086c6112275000025151bc6f8af,admin,2013-06-05 16:26:02,guest,2005-05-24 01:14:23,2,0.0000,0.0000,0.0000,NULL,NULL,NULL,NULL
17,Borland,NULL,NULL,NULL,NULL,NULL,NULL,NULL,NULL,1,0,0,NULL,NULL,NULL,NULL,0,NULL,NULL,NULL,NULL,NULL,NULL,NULL,NULL,0,NULL,NULL,NULL,NULL,core_company,0c43c0b4c6112275000025158b700c08,admin,2013-06-05 16:51:40,guest,2005-05-24 01:14:23,2,0.0000,0.0000,0.0000,NULL,NULL,NULL,NULL
18,Rational Software,NULL,NULL,NULL,NULL,NULL,NULL,NULL,NULL,1,0,0,NULL,NULL,NULL,NULL,0,NULL,NULL,NULL,NULL,NULL,NULL,NULL,NULL,0,NULL,NULL,NULL,NULL,core_company,0c43c131c611227500002515167d093b,admin,2013-06-05 21:10:46,guest,2005-05-24 01:14:23,2,0.0000,0.0000,0.0000,NULL,NULL,NULL,NULL
19,MicroCom,NULL,NULL,NULL,NULL,NULL,NULL,NULL,NULL,1,0,0,NULL,NULL,NULL,NULL,0,NULL,NULL,NULL,NULL,NULL,NULL,NULL,NULL,0,NULL,NULL,NULL,NULL,core_company,0c43c19fc61122750000251562d620f2,admin,2013-06-05 18:35:08,guest,2005-05-24 01:14:24,2,0.0000,0.0000,0.0000,NULL,NULL,NULL,NULL
20,Jordan Russell,NULL,NULL,NULL,NULL,NULL,NULL,NULL,NULL,1,0,0,NULL,NULL,NULL,NULL,0,NULL,NULL,NULL,NULL,NULL,NULL,NULL,NULL,0,NULL,NULL,NULL,NULL,core_company,0c43c1aec611227500002515021bcede,admin,2013-06-05 18:16:28,guest,2005-05-24 01:14:24,2,0.0000,0.0000,0.0000,NULL,NULL,NULL,NULL
21,Telemar,NULL,NULL,NULL,NULL,NULL,NULL,NULL,NULL,1,0,0,NULL,NULL,NULL,NULL,0,NULL,NULL,NULL,NULL,NULL,NULL,NULL,NULL,0,NULL,NULL,NULL,NULL,core_company,0c43c20cc611227500002515027d40f6,admin,2013-06-05 21:33:30,guest,2005-05-24 01:14:24,2,0.0000,0.0000,0.0000,NULL,NULL,NULL,NULL
22,AT&T,208 South Akard Street,Dallas,TX,75202,U.S,(214) 741-6655,(214) 741-6655,NULL,1,1,0,NULL,NULL,T,37.34,0,NULL,Rethink Possible,32.7797730,-96.7997560,NULL,"569d6263df300100cd7da5f59bf2632c,8a8d53de37400100fceabfc8bcbe5d1e",NULL,243340,1,NULL,NULL,valued,NULL,core_company,0c43c22bc611227500002515e25bf079,admin,2013-05-09 20:39:51,guest,2005-05-24 01:14:24,7,0.0000,0.0000,0.0000,NULL,NULL,NULL,NULL
23,Avantgo,NULL,NULL,NULL,NULL,NULL,NULL,NULL,NULL,1,0,0,NULL,NULL,NULL,NULL,0,NULL,NULL,NULL,NULL,NULL,NULL,NULL,NULL,0,NULL,NULL,NULL,NULL,core_company,0c43c27ac611227500002515a353487a,admin,2013-06-05 16:42:51,guest,2005-05-24 01:14:24,2,0.0000,0.0000,0.0000,NULL,NULL,NULL,NULL
24,Transcend,225 Emerson Street,Palo Alto,CA,94301,USA,(650) 324-5370,(650) 324-5370,NULL,1,1,0,NULL,NULL,NULL,NULL,0,NULL,NULL,37.4469490,-122.1659470,NULL,8a8d53de37400100fceabfc8bcbe5d1e,NULL,33,0,www.transend.com,NULL,NULL,NULL,core_company,0c43c2a8c611227500002515cc92300f,admin,2013-05-09 17:20:47,guest,2005-05-24 01:14:24,6,0.0000,0.0000,0.0000,NULL,NULL,NULL,NULL
25,Puma,Keilalahdentie 2-4,Espoo,NULL,02150,NULL,358 7180 08000,358 7180 08000,NULL,1,1,0,NULL,NULL,NULL,NULL,0,NULL,NULL,NULL,NULL,2: couldn't find this address! sorry,8a8d53de37400100fceabfc8bcbe5d1e,NULL,40,0,www.pumatech.com,NULL,NULL,NULL,core_company,0c43c41fc611227500002515a4642b4d,admin,2013-05-09 18:12:27,guest,2005-05-24 01:14:24,6,0.0000,0.0000,0.0000,NULL,NULL,NULL,NULL
26,RealNetworks,"2601 Elliott Avenue, Suite 100",Seattle,WA,98121,NULL,(206) 674-2700,(206) 674-2700,NULL,1,1,0,NULL,NULL,RNWK,7.35,0,NULL,NULL,47.6140200,-122.3514380,NULL,8a8d53de37400100fceabfc8bcbe5d1e,NULL,991,1,www.realnetworks.com,NULL,NULL,NULL,core_company,0c43c529c611227500002515e8090259,admin,2013-05-09 18:10:51,guest,2005-05-24 01:14:24,6,0.0000,0.0000,0.0000,NULL,NULL,NULL,NULL
27,ConeXware,NULL,NULL,NULL,NULL,NULL,NULL,NULL,NULL,1,0,0,NULL,NULL,NULL,NULL,0,NULL,NULL,NULL,NULL,NULL,NULL,NULL,NULL,0,NULL,NULL,NULL,NULL,core_company,0c43c548c611227500002515b7eb9793,admin,2013-06-05 17:11:35,guest,2005-05-24 01:14:24,2,0.0000,0.0000,0.0000,NULL,NULL,NULL,NULL
28,SpyBot,"Watson & Johnson Centre, Mill Road, Greystones","Co Wicklow, Ireland",NULL,NULL,NULL,NULL,NULL,NULL,1,1,0,NULL,NULL,NULL,NULL,0,NULL,NULL,NULL,NULL,2: couldn't find this address! sorry,"8a8d53de37400100fceabfc8bcbe5d1e,569d6263df300100cd7da5f59bf2632c",NULL,10,0,www.safer-networking.org,NULL,NULL,NULL,core_company,0c43c5c5c611227500002515746d9b16,admin,2013-05-09 17:38:27,guest,2005-05-24 01:14:25,6,0.0000,0.0000,0.0000,NULL,NULL,NULL,NULL
29,Visioneer,NULL,NULL,NULL,NULL,NULL,NULL,NULL,NULL,1,0,0,NULL,NULL,NULL,NULL,0,NULL,NULL,NULL,NULL,NULL,NULL,NULL,NULL,0,NULL,NULL,NULL,NULL,core_company,0c43c5e5c6112275000025159e57d14d,admin,2013-06-05 21:52:04,guest,2005-05-24 01:14:25,2,0.0000,0.0000,0.0000,NULL,NULL,NULL,NULL
30,Adaptec,NULL,NULL,NULL,NULL,NULL,NULL,NULL,NULL,1,0,0,NULL,NULL,NULL,NULL,0,NULL,NULL,NULL,NULL,NULL,NULL,NULL,NULL,0,NULL,NULL,NULL,NULL,core_company,0c43c652c611227500002515727b9759,admin,2013-06-05 16:01:41,guest,2005-05-24 01:14:25,2,0.0000,0.0000,0.0000,NULL,NULL,NULL,NULL
31,Citrix Systems,"851 West Cypress Creek Road
",Fort Lauderdale,FL,33309,U.S,(954) 267-3000,(954) 267-3101,NULL,1,1,0,NULL,NULL,CTXS,64.0,0,NULL,NULL,26.2031640,-80.1555090,NULL,8a8d53de37400100fceabfc8bcbe5d1e,NULL,8212,1,NULL,NULL,NULL,NULL,core_company,0c43c690c61122750000251541ca1793,admin,2013-05-09 20:45:39,guest,2005-05-24 01:14:25,6,0.0000,0.0000,0.0000,NULL,NULL,NULL,NULL
32,Kodak,343 State Street,Rochester,NY,14650,USA,(585) 724-4000,(585) 724-4000,NULL,1,1,0,NULL,NULL,EKDKQ,0.16,0,NULL,NULL,43.1610520,-77.6191820,NULL,8a8d53de37400100fceabfc8bcbe5d1e,NULL,13000,1,www.kodak.com,NULL,strategic,NULL,core_company,0c43c75cc6112275000025158c230ef2,admin,2013-05-09 18:57:27,guest,2005-05-24 01:14:25,6,0.0000,0.0000,0.0000,NULL,NULL,NULL,NULL
33,Qualitas,NULL,NULL,NULL,NULL,NULL,NULL,NULL,NULL,1,0,0,NULL,NULL,NULL,NULL,0,NULL,NULL,NULL,NULL,NULL,NULL,NULL,NULL,0,NULL,NULL,NULL,NULL,core_company,0c43c7d9c611227500002515ee8a9a09,admin,2013-06-05 21:06:21,guest,2005-05-24 01:14:25,2,0.0000,0.0000,0.0000,NULL,NULL,NULL,NULL
34,Symantec,350 Ellis Street,Mountain View,CA,NULL,USA,(650) 527-8000,(650) 527-8000,NULL,1,1,0,NULL,NULL,SYMC,24.87,0,NULL,NULL,37.3970530,-122.0537670,NULL,8a8d53de37400100fceabfc8bcbe5d1e,NULL,20500,0,www.symantec.com,NULL,strategic,NULL,core_company,0c43c817c61122750000251522e201b4,admin,2013-05-09 17:33:44,guest,2005-05-24 01:14:25,6,0.0000,0.0000,0.0000,NULL,NULL,NULL,NULL
35,Powerquest,NULL,NULL,NULL,NULL,NULL,NULL,NULL,NULL,1,0,0,NULL,NULL,NULL,NULL,0,NULL,NULL,NULL,NULL,NULL,NULL,NULL,NULL,0,NULL,NULL,NULL,NULL,core_company,0c43c8d3c6112275000025152f78627a,admin,2013-06-05 21:01:25,guest,2005-05-24 01:14:25,2,0.0000,0.0000,0.0000,NULL,NULL,NULL,NULL
36,Raosoft,NULL,NULL,NULL,NULL,NULL,NULL,NULL,NULL,1,0,0,NULL,NULL,NULL,NULL,0,NULL,NULL,NULL,NULL,NULL,NULL,NULL,NULL,0,NULL,NULL,NULL,NULL,core_company,0c43c911c611227500002515b2ea00ea,admin,2013-06-05 21:08:34,guest,2005-05-24 01:14:25,2,0.0000,0.0000,0.0000,NULL,NULL,NULL,NULL
37,MyFamily com,NULL,NULL,NULL,NULL,NULL,NULL,NULL,NULL,1,0,0,NULL,NULL,NULL,NULL,0,NULL,NULL,NULL,NULL,NULL,NULL,NULL,NULL,0,NULL,NULL,NULL,NULL,core_company,0c43cb24c611227500002515f20bcf4c,admin,2013-06-05 18:56:13,guest,2005-05-24 01:14:26,2,0.0000,0.0000,0.0000,NULL,NULL,NULL,NULL
38,Seagate,38/39 Fitzwilliam Square,"Dublin, 2, Ireland",NULL,NULL,NULL,353 1 234 3136,353 1 234 3136,NULL,1,1,0,NULL,NULL,STX,42.21,0,NULL,NULL,NULL,NULL,2: couldn't find this address! sorry,"1c8d13de37400100fceabfc8bcbe5dfc,8a8d53de37400100fceabfc8bcbe5d1e",NULL,57900,0,www.seagate.com,NULL,valued,NULL,core_company,0c43cb44c611227500002515bad22359,admin,2013-05-09 17:46:48,guest,2005-05-24 01:14:26,6,0.0000,0.0000,0.0000,NULL,NULL,NULL,NULL
39,Design Science,NULL,NULL,NULL,NULL,NULL,NULL,NULL,NULL,1,0,0,NULL,NULL,NULL,NULL,0,NULL,NULL,NULL,NULL,NULL,NULL,NULL,NULL,0,NULL,NULL,NULL,NULL,core_company,0c43cb72c611227500002515201a81ce,admin,2013-06-05 17:19:22,guest,2005-05-24 01:14:26,2,0.0000,0.0000,0.0000,NULL,NULL,NULL,NULL
40,eFax.com,NULL,NULL,NULL,NULL,NULL,NULL,NULL,NULL,1,0,0,NULL,NULL,NULL,NULL,0,NULL,NULL,NULL,NULL,NULL,NULL,NULL,NULL,0,NULL,NULL,NULL,NULL,core_company,0c43cc3ec611227500002515f09190af,admin,2013-06-05 17:30:46,guest,2005-05-24 01:14:26,2,0.0000,0.0000,0.0000,NULL,NULL,NULL,NULL
41,Ahead,NULL,NULL,NULL,NULL,NULL,NULL,NULL,NULL,1,0,0,NULL,NULL,NULL,NULL,0,NULL,NULL,NULL,NULL,NULL,NULL,NULL,NULL,0,NULL,NULL,NULL,NULL,core_company,0c43cd95c6112275000025150e50db09,admin,2013-06-05 16:15:12,guest,2005-05-24 01:14:27,2,0.0000,0.0000,0.0000,NULL,NULL,NULL,NULL
42,AWS,NULL,NULL,NULL,NULL,NULL,NULL,NULL,NULL,1,0,0,NULL,NULL,NULL,NULL,0,NULL,NULL,NULL,NULL,NULL,NULL,NULL,NULL,0,NULL,NULL,NULL,NULL,core_company,0c43cf5ac61122750000251597380069,admin,2013-06-05 16:46:39,guest,2005-05-24 01:14:27,2,0.0000,0.0000,0.0000,NULL,NULL,NULL,NULL
43,LavaSoft,NULL,NULL,NULL,NULL,NULL,NULL,NULL,NULL,1,0,0,NULL,NULL,NULL,NULL,0,NULL,NULL,NULL,NULL,NULL,NULL,NULL,NULL,0,NULL,NULL,NULL,NULL,core_company,0c43d026c6112275000025150f91d524,admin,2013-06-05 18:25:15,guest,2005-05-24 01:14:27,2,0.0000,0.0000,0.0000,NULL,NULL,NULL,NULL
44,America Online,770 Broadway,"New York, NY 10003",NY,10003,U.S,(800) 827-6364,(212) 206-4400,NULL,1,1,0,NULL,NULL,AOL,40.79,0,NULL,NULL,NULL,NULL,2: couldn't find this address! sorry,"8a8d53de37400100fceabfc8bcbe5d1e,78ad6263df300100cd7da5f59bf26334",NULL,5600,1,http://www.corp.aol.com,NULL,NULL,NULL,core_company,0c43d035c61122750000251553f6f8e8,admin,2013-05-08 17:54:37,guest,2005-05-24 01:14:27,8,0.0000,0.0000,0.0000,NULL,NULL,NULL,NULL
45,SmileStone,NULL,NULL,NULL,NULL,NULL,NULL,NULL,NULL,1,0,0,NULL,NULL,NULL,NULL,0,NULL,NULL,NULL,NULL,NULL,NULL,NULL,NULL,0,NULL,NULL,NULL,NULL,core_company,0c43d13fc611227500002515eeb311be,admin,2013-06-05 21:32:01,guest,2005-05-24 01:14:28,2,0.0000,0.0000,0.0000,NULL,NULL,NULL,NULL
46,Motive Communications,NULL,NULL,NULL,NULL,NULL,NULL,NULL,NULL,1,0,0,NULL,NULL,NULL,NULL,0,NULL,NULL,NULL,NULL,NULL,NULL,NULL,NULL,0,NULL,NULL,NULL,NULL,core_company,0c43d20ac6112275000025156a0edfc6,admin,2013-06-05 18:53:08,guest,2005-05-24 01:14:28,2,0.0000,0.0000,0.0000,NULL,NULL,NULL,NULL
47,Visio,One Microsoft Way,Redmond,WA,98052-6399,USA,(425) 882-8080,(425) 882-8080,NULL,1,1,0,NULL,NULL,NULL,NULL,0,NULL,NULL,NULL,NULL,2: couldn't find this address! sorry,8a8d53de37400100fceabfc8bcbe5d1e,NULL,230,0,www.vizio.com,NULL,valued,NULL,core_company,0c43d3eec6112275000025153463ee91,admin,2013-05-09 17:12:23,guest,2005-05-24 01:14:28,7,0.0000,0.0000,0.0000,NULL,NULL,NULL,NULL
48,Winzip Computing,11 Proffessional Park Rd,Storrs Mansfield,CT,06268-1659,USA,NULL,NULL,NULL,1,1,0,NULL,NULL,NULL,NULL,0,NULL,NULL,NULL,NULL,2: couldn't find this address! sorry,8a8d53de37400100fceabfc8bcbe5d1e,NULL,20,0,NULL,NULL,NULL,NULL,core_company,0c43d4e8c611227500002515db73823f,admin,2013-05-08 20:51:27,guest,2005-05-24 01:14:28,6,0.0000,0.0000,0.0000,NULL,NULL,NULL,NULL
49,Oracle,500 Oracle Parkway,"Redwood City, CA 94065",NULL,NULL,NULL,(650) 506-7000,(650) 506-7000,NULL,1,1,0,NULL,NULL,ORCL,33.4,0,NULL,NULL,37.5295260,-122.2639690,NULL,"8a8d53de37400100fceabfc8bcbe5d1e,78ad6263df300100cd7da5f59bf26334",NULL,118119,1,www.oracle.com,NULL,valued,NULL,core_company,0c43d5e2c6112275000025158d32ba9b,admin,2013-05-09 18:17:56,guest,2005-05-24 01:14:29,6,0.0000,0.0000,0.0000,NULL,NULL,NULL,NULL
50,Executive Software,NULL,NULL,NULL,NULL,NULL,NULL,NULL,NULL,1,0,0,NULL,NULL,NULL,NULL,0,NULL,NULL,NULL,NULL,NULL,NULL,NULL,NULL,0,NULL,NULL,NULL,NULL,core_company,0c43d6dcc611227500002515cc3210ae,admin,2013-06-05 17:47:57,guest,2005-05-24 01:14:29,2,0.0000,0.0000,0.0000,NULL,NULL,NULL,NULL
51,Winternals,NULL,NULL,NULL,NULL,NULL,NULL,NULL,NULL,1,0,0,NULL,NULL,NULL,NULL,0,NULL,NULL,NULL,NULL,NULL,NULL,NULL,NULL,0,NULL,NULL,NULL,NULL,core_company,0c43da09c6112275000025157188c7ab,admin,2013-06-05 22:03:26,guest,2005-05-24 01:14:30,2,0.0000,0.0000,0.0000,NULL,NULL,NULL,NULL
52,Pinnacle Systems,NULL,NULL,NULL,NULL,NULL,NULL,NULL,NULL,1,0,0,NULL,NULL,NULL,NULL,0,NULL,NULL,NULL,NULL,NULL,NULL,NULL,NULL,0,NULL,NULL,NULL,NULL,core_company,0c43e0cfc611227500002515a72ac716,admin,2013-06-05 21:01:11,guest,2005-05-24 01:14:32,2,0.0000,0.0000,0.0000,NULL,NULL,NULL,NULL
53,TechSmith,NULL,NULL,NULL,NULL,NULL,NULL,NULL,NULL,1,0,0,NULL,NULL,NULL,NULL,0,NULL,NULL,NULL,NULL,NULL,NULL,NULL,NULL,0,NULL,NULL,NULL,NULL,core_company,0c43e0dfc611227500002515ab5663ba,admin,2013-06-05 21:29:29,guest,2005-05-24 01:14:32,2,0.0000,0.0000,0.0000,NULL,NULL,NULL,NULL
54,PC-Doctor,NULL,NULL,NULL,NULL,NULL,NULL,NULL,NULL,1,0,0,NULL,NULL,NULL,NULL,0,NULL,NULL,NULL,NULL,NULL,NULL,NULL,NULL,0,NULL,NULL,NULL,NULL,core_company,0c43e3fcc611227500002515e20b6bb2,admin,2013-06-05 20:54:47,guest,2005-05-24 01:14:32,2,0.0000,0.0000,0.0000,NULL,NULL,NULL,NULL
55,Panicware,NULL,NULL,NULL,NULL,NULL,NULL,NULL,NULL,1,0,0,NULL,NULL,NULL,NULL,0,NULL,NULL,NULL,NULL,NULL,NULL,NULL,NULL,0,NULL,NULL,NULL,NULL,core_company,0c43e41bc611227500002515062a7d03,admin,2013-06-05 20:44:56,guest,2005-05-24 01:14:32,2,0.0000,0.0000,0.0000,NULL,NULL,NULL,NULL
56,Agere,NULL,NULL,NULL,NULL,NULL,NULL,NULL,NULL,1,0,0,NULL,NULL,NULL,NULL,0,NULL,NULL,NULL,NULL,NULL,NULL,NULL,NULL,0,NULL,NULL,NULL,NULL,core_company,0c43e4d6c6112275000025151b1f7379,admin,2013-06-05 16:04:53,guest,2005-05-24 01:14:33,2,0.0000,0.0000,0.0000,NULL,NULL,NULL,NULL
57,InterVideo,NULL,NULL,NULL,NULL,NULL,NULL,NULL,NULL,1,0,0,NULL,NULL,NULL,NULL,0,NULL,NULL,NULL,NULL,NULL,NULL,NULL,NULL,0,NULL,NULL,NULL,NULL,core_company,0c43e544c611227500002515e5bb3b99,admin,2013-06-05 18:05:35,guest,2005-05-24 01:14:33,2,0.0000,0.0000,0.0000,NULL,NULL,NULL,NULL
58,Disney,NULL,NULL,NULL,NULL,NULL,NULL,NULL,NULL,1,1,0,NULL,NULL,NULL,NULL,0,NULL,NULL,NULL,NULL,NULL,8a8d53de37400100fceabfc8bcbe5d1e,NULL,NULL,0,NULL,NULL,NULL,NULL,core_company,0c43eb8dc6112275000025156915cacf,admin,2013-06-05 17:24:11,guest,2005-05-24 01:14:34,4,0.0000,0.0000,0.0000,NULL,NULL,NULL,NULL
59,eHelp,NULL,NULL,NULL,NULL,NULL,NULL,NULL,NULL,1,0,0,NULL,NULL,NULL,NULL,0,NULL,NULL,NULL,NULL,NULL,NULL,NULL,NULL,0,NULL,NULL,NULL,NULL,core_company,0c43ef66c6112275000025153d08a0f6,admin,2013-06-05 17:38:39,guest,2005-05-24 01:14:35,2,0.0000,0.0000,0.0000,NULL,NULL,NULL,NULL
60,Freedom Scientific,NULL,NULL,NULL,NULL,NULL,NULL,NULL,NULL,1,0,0,NULL,NULL,NULL,NULL,0,NULL,NULL,NULL,NULL,NULL,NULL,NULL,NULL,0,NULL,NULL,NULL,NULL,core_company,0c43f011c611227500002515a620edc1,admin,2013-06-05 17:51:27,guest,2005-05-24 01:14:35,2,0.0000,0.0000,0.0000,NULL,NULL,NULL,NULL
61,Jasc,NULL,NULL,NULL,NULL,NULL,NULL,NULL,NULL,1,0,0,NULL,NULL,NULL,NULL,0,NULL,NULL,NULL,NULL,NULL,NULL,NULL,NULL,0,NULL,NULL,NULL,NULL,core_company,0c43f14ac6112275000025154808313d,admin,2013-06-05 18:21:03,guest,2005-05-24 01:14:36,2,0.0000,0.0000,0.0000,NULL,NULL,NULL,NULL
62,Roxio,1600 Carling Avenue,Ottawa,Ontario,K1Z 8R7,Canada,0800 376 9272,0800 376 9272,NULL,1,1,0,NULL,NULL,NULL,NULL,0,NULL,NULL,NULL,NULL,2: couldn't find this address! sorry,8a8d53de37400100fceabfc8bcbe5d1e,NULL,500,0,www.roxio.com,NULL,NULL,NULL,core_company,0c43f35dc611227500002515cba657f5,admin,2013-05-09 18:03:27,guest,2005-05-24 01:14:36,6,0.0000,0.0000,0.0000,NULL,NULL,NULL,NULL
63,Webroot,NULL,NULL,NULL,NULL,NULL,NULL,NULL,NULL,1,0,0,NULL,NULL,NULL,NULL,0,NULL,NULL,NULL,NULL,NULL,NULL,NULL,NULL,0,NULL,NULL,NULL,NULL,core_company,0c43f457c611227500002515d8ee0e38,admin,2013-06-05 21:53:01,guest,2005-05-24 01:14:37,2,0.0000,0.0000,0.0000,NULL,NULL,NULL,NULL
64,Backweb,10 Ha'amal Street,Park Afek,Rosh Ha'ayin,48092,Israel,972 3 902 4182,972 3 900 2702,NULL,1,1,0,NULL,NULL,BWEBF,0.19,0,NULL,NULL,NULL,NULL,2: couldn't find this address! sorry,"569d6263df300100cd7da5f59bf2632c,8a8d53de37400100fceabfc8bcbe5d1e",NULL,8,1,NULL,NULL,NULL,NULL,core_company,0c440474c6112275000025152d88c19f,admin,2013-05-09 20:41:29,guest,2005-05-24 01:14:41,6,0.0000,0.0000,0.0000,NULL,NULL,NULL,NULL
65,Erik Deppe,NULL,NULL,NULL,NULL,NULL,NULL,NULL,NULL,1,0,0,NULL,NULL,NULL,NULL,0,NULL,NULL,NULL,NULL,NULL,NULL,NULL,NULL,0,NULL,NULL,NULL,NULL,core_company,0c440966c6112275000025152a1664c5,admin,2013-06-05 17:42:15,guest,2005-05-24 01:14:42,2,0.0000,0.0000,0.0000,NULL,NULL,NULL,NULL
66,S.A. Research,NULL,NULL,NULL,NULL,NULL,NULL,NULL,NULL,1,0,0,NULL,NULL,NULL,NULL,0,NULL,NULL,NULL,NULL,NULL,NULL,NULL,NULL,0,NULL,NULL,NULL,NULL,core_company,0c440bc7c611227500002515aa583458,admin,2013-06-05 21:13:21,guest,2005-05-24 01:14:43,2,0.0000,0.0000,0.0000,NULL,NULL,NULL,NULL
67,Aladdin,NULL,NULL,NULL,NULL,NULL,NULL,NULL,NULL,1,0,0,NULL,NULL,NULL,NULL,0,NULL,NULL,NULL,NULL,NULL,NULL,NULL,NULL,0,NULL,NULL,NULL,NULL,core_company,0c440cc1c6112275000025155de689c9,admin,2013-06-05 16:20:44,guest,2005-05-24 01:14:43,2,0.0000,0.0000,0.0000,NULL,NULL,NULL,NULL
68,Adagio,NULL,NULL,NULL,NULL,NULL,NULL,NULL,NULL,1,0,0,NULL,NULL,NULL,NULL,0,NULL,NULL,NULL,NULL,NULL,NULL,NULL,NULL,0,NULL,NULL,NULL,NULL,core_company,0c4410a9c6112275000025158992a321,admin,2013-06-05 22:26:02,guest,2005-05-24 01:14:44,2,0.0000,0.0000,0.0000,NULL,NULL,NULL,NULL
69,Cyberlink,"4800 Great America Pkwy, Ste. 515",Santa Clara,CA,95054,USA,(408) 217-1850,(408) 217-1850,NULL,1,1,0,NULL,NULL,5203.TW,98.50,0,NULL,NULL,37.3962300,-121.9779570,NULL,8a8d53de37400100fceabfc8bcbe5d1e,NULL,700,0,NULL,NULL,NULL,NULL,core_company,0c441126c611227500002515b4002b6f,admin,2013-06-05 22:33:03,guest,2005-05-24 01:14:44,8,0.0000,0.0000,0.0000,NULL,NULL,NULL,NULL
70,Mozilla,"650 Castro Street, Suite 300",Mountain View,CA,94041-2021,NULL,NULL,NULL,NULL,1,1,0,NULL,NULL,NULL,NULL,0,NULL,NULL,37.3880120,-122.0827500,NULL,8a8d53de37400100fceabfc8bcbe5d1e,NULL,600,0,www.mozilla.com,NULL,valued,NULL,core_company,0c441388c611227500002515acec8d17,admin,2013-05-09 18:23:30,guest,2005-05-24 01:14:45,6,0.0000,0.0000,0.0000,NULL,NULL,NULL,NULL
71,Netscape,NULL,NULL,NULL,NULL,NULL,NULL,NULL,NULL,1,0,0,NULL,NULL,NULL,NULL,0,NULL,NULL,NULL,NULL,NULL,NULL,NULL,NULL,0,NULL,NULL,NULL,NULL,core_company,0c4413f5c61122750000251577555283,admin,2013-06-05 19:15:43,guest,2005-05-24 01:14:45,2,0.0000,0.0000,0.0000,NULL,NULL,NULL,NULL
72,3Com,NULL,NULL,NULL,NULL,NULL,NULL,NULL,NULL,1,0,0,NULL,NULL,NULL,NULL,0,NULL,NULL,NULL,NULL,NULL,NULL,NULL,NULL,0,NULL,NULL,NULL,NULL,core_company,0c441abbc6112275000025157c651c89,admin,2013-06-05 15:48:22,guest,2005-05-24 01:14:46,2,0.0000,0.0000,0.0000,NULL,NULL,NULL,NULL
73,Ann Arbor,NULL,NULL,NULL,NULL,NULL,NULL,NULL,NULL,1,0,0,NULL,NULL,NULL,NULL,0,NULL,NULL,NULL,NULL,NULL,NULL,NULL,NULL,0,NULL,NULL,NULL,NULL,core_company,0c441cfdc611227500002515817d8e9a,admin,2013-06-05 16:35:08,guest,2005-05-24 01:14:47,2,0.0000,0.0000,0.0000,NULL,NULL,NULL,NULL
74,Robert E. Nolan,92 Hopmeadow Street,Simsbury,CT,06089,USA,(800) 653-1941,(800) 653-1941,NULL,0,1,0,NULL,NULL,NULL,NULL,0,NULL,NULL,41.8279030,-72.8249920,NULL,569d6263df300100cd7da5f59bf2632c,NULL,420,0,www.renolan.com,NULL,NULL,NULL,core_company,0c4421a1c61122750000251594dc79e3,admin,2013-05-09 18:09:04,guest,2005-05-24 01:14:48,6,0.0000,0.0000,0.0000,NULL,NULL,NULL,NULL
75,Bradbury,1200 E.Cole / PO Box 667,Moundridge,KS,67107,USA,(800) 397-6394,(620) 345-6394,NULL,1,1,0,NULL,NULL,NULL,NULL,0,NULL,NULL,38.2030110,-97.5166430,NULL,8a8d53de37400100fceabfc8bcbe5d1e,NULL,NULL,0,NULL,NULL,NULL,NULL,core_company,0c442318c61122750000251578414cce,admin,2013-05-07 05:50:22,guest,2005-05-24 01:14:48,5,0.0000,0.0000,0.0000,NULL,NULL,NULL,NULL
76,Netopsystems,NULL,NULL,NULL,NULL,NULL,NULL,NULL,NULL,1,0,0,NULL,NULL,NULL,NULL,0,NULL,NULL,NULL,NULL,NULL,NULL,NULL,NULL,0,NULL,NULL,NULL,NULL,core_company,0c4428e4c611227500002515a94af89d,admin,2013-06-05 19:14:44,guest,2005-05-24 01:14:50,2,0.0000,0.0000,0.0000,NULL,NULL,NULL,NULL
77,Bits Per Second,NULL,NULL,NULL,NULL,NULL,NULL,NULL,NULL,1,0,0,NULL,NULL,NULL,NULL,0,NULL,NULL,NULL,NULL,NULL,NULL,NULL,NULL,0,NULL,NULL,NULL,NULL,core_company,0c4433e1c6112275000025155760ad96,admin,2013-06-05 16:50:22,guest,2005-05-24 01:14:53,2,0.0000,0.0000,0.0000,NULL,NULL,NULL,NULL
78,Clubphoto,NULL,NULL,NULL,NULL,NULL,NULL,NULL,NULL,1,0,0,NULL,NULL,NULL,NULL,0,NULL,NULL,NULL,NULL,NULL,NULL,NULL,NULL,0,NULL,NULL,NULL,NULL,core_company,0c443921c6112275000025154b0038df,admin,2013-06-05 16:58:16,guest,2005-05-24 01:14:54,2,0.0000,0.0000,0.0000,NULL,NULL,NULL,NULL
79,Chapura,NULL,NULL,NULL,NULL,NULL,NULL,NULL,NULL,1,0,0,NULL,NULL,NULL,NULL,0,NULL,NULL,NULL,NULL,NULL,NULL,NULL,NULL,0,NULL,NULL,NULL,NULL,core_company,0c443940c611227500002515128557cc,admin,2013-06-05 16:53:47,guest,2005-05-24 01:14:54,2,0.0000,0.0000,0.0000,NULL,NULL,NULL,NULL
80,XYQuest,NULL,NULL,NULL,NULL,NULL,NULL,NULL,NULL,1,0,0,NULL,NULL,NULL,NULL,0,NULL,NULL,NULL,NULL,NULL,NULL,NULL,NULL,0,NULL,NULL,NULL,NULL,core_company,0c443f6ac6112275000025150932afda,admin,2013-06-05 22:09:59,guest,2005-05-24 01:14:56,2,0.0000,0.0000,0.0000,NULL,NULL,NULL,NULL
81,Aveo,NULL,NULL,NULL,NULL,NULL,NULL,NULL,NULL,1,0,0,NULL,NULL,NULL,NULL,0,NULL,NULL,NULL,NULL,NULL,NULL,NULL,NULL,0,NULL,NULL,NULL,NULL,core_company,0c4441cbc611227500002515804854b4,admin,2013-06-05 16:45:17,guest,2005-05-24 01:14:56,2,0.0000,0.0000,0.0000,NULL,NULL,NULL,NULL
82,Altiris,350 Ellis Street,Mountain View,CA,94043,U.S,(650) 527-8000,(650) 527-8000,NULL,1,1,0,NULL,NULL,NULL,NULL,0,NULL,NULL,37.3970530,-122.0537670,NULL,8a8d53de37400100fceabfc8bcbe5d1e,NULL,5000,0,NULL,NULL,strategic,NULL,core_company,0c44444cc611227500002515cd1abdb9,admin,2013-05-08 17:50:49,guest,2005-05-24 01:14:57,6,0.0000,0.0000,0.0000,NULL,NULL,NULL,NULL
83,Mindmaker,NULL,NULL,NULL,NULL,NULL,NULL,NULL,NULL,1,0,0,NULL,NULL,NULL,NULL,0,NULL,NULL,NULL,NULL,NULL,NULL,NULL,NULL,0,NULL,NULL,NULL,NULL,core_company,0c44448ac611227500002515a919128d,admin,2013-06-05 18:50:52,guest,2005-05-24 01:14:57,2,0.0000,0.0000,0.0000,NULL,NULL,NULL,NULL
84,National Semiconductor,NULL,NULL,NULL,NULL,NULL,NULL,NULL,NULL,1,0,0,NULL,NULL,NULL,NULL,0,NULL,NULL,NULL,NULL,NULL,NULL,NULL,NULL,0,NULL,NULL,NULL,NULL,core_company,0c4444aac61122750000251551a85b88,admin,2013-06-05 19:12:31,guest,2005-05-24 01:14:57,2,0.0000,0.0000,0.0000,NULL,NULL,NULL,NULL
85,Partridge,NULL,NULL,NULL,NULL,NULL,NULL,NULL,NULL,1,0,0,NULL,NULL,NULL,NULL,0,NULL,NULL,NULL,NULL,NULL,NULL,NULL,NULL,0,NULL,NULL,NULL,NULL,core_company,0c4445f2c61122750000251558d58c75,admin,2013-06-05 20:53:23,guest,2005-05-24 01:14:57,2,0.0000,0.0000,0.0000,NULL,NULL,NULL,NULL
86,SkyDesk,NULL,NULL,NULL,NULL,NULL,NULL,NULL,NULL,1,0,0,NULL,NULL,NULL,NULL,0,NULL,NULL,NULL,NULL,NULL,NULL,NULL,NULL,0,NULL,NULL,NULL,NULL,core_company,0c444af3c6112275000025159d150d8a,admin,2013-06-05 21:25:06,guest,2005-05-24 01:14:59,2,0.0000,0.0000,0.0000,NULL,NULL,NULL,NULL
87,Siber,NULL,NULL,NULL,NULL,NULL,NULL,NULL,NULL,1,0,0,NULL,NULL,NULL,NULL,0,NULL,NULL,NULL,NULL,NULL,NULL,NULL,NULL,0,NULL,NULL,NULL,NULL,core_company,0c444b51c61122750000251520013c4e,admin,2013-06-05 21:19:52,guest,2005-05-24 01:14:59,2,0.0000,0.0000,0.0000,NULL,NULL,NULL,NULL
88,Eatsleepmusic.Com,301 Moodie Dr.  Suite 306,Nepean,ON,K2H 9C4,Canada,(855) 307-6158,(855) 307-6158,NULL,1,1,0,NULL,NULL,NULL,NULL,0,NULL,NULL,NULL,NULL,2: couldn't find this address! sorry,"8a8d53de37400100fceabfc8bcbe5d1e,569d6263df300100cd7da5f59bf2632c",NULL,21,0,NULL,NULL,NULL,NULL,core_company,0c444d35c6112275000025151fed2c06,admin,2013-05-07 05:50:23,guest,2005-05-24 01:14:59,7,0.0000,0.0000,0.0000,NULL,NULL,NULL,NULL
89,Irfan Skiljan,NULL,NULL,NULL,NULL,NULL,NULL,NULL,NULL,1,0,0,NULL,NULL,NULL,NULL,0,NULL,NULL,NULL,NULL,NULL,NULL,NULL,NULL,0,NULL,NULL,NULL,NULL,core_company,0c444f58c6112275000025152d4a53c6,admin,2013-06-05 18:13:53,guest,2005-05-24 01:15:00,2,0.0000,0.0000,0.0000,NULL,NULL,NULL,NULL
90,Screentime Media,NULL,NULL,NULL,NULL,NULL,NULL,NULL,NULL,1,0,0,NULL,NULL,NULL,NULL,0,NULL,NULL,NULL,NULL,NULL,NULL,NULL,NULL,0,NULL,NULL,NULL,NULL,core_company,0c445302c6112275000025152e9dd14e,admin,2013-06-05 21:18:33,guest,2005-05-24 01:15:01,2,0.0000,0.0000,0.0000,NULL,NULL,NULL,NULL
91,NVIDIA,2701 San Tomas Expressway,Santa Clara,CA,95050,USA,(408) 486-2000,(408) 486-2000,NULL,1,1,0,NULL,NULL,NVDA,13.93,0,NULL,NULL,37.3732800,-121.9662830,NULL,"8a8d53de37400100fceabfc8bcbe5d1e,1c8d13de37400100fceabfc8bcbe5dfc",NULL,7133,1,www.nvidia.com,NULL,NULL,NULL,core_company,0c44535fc61122750000251582ead4ab,admin,2013-05-09 18:20:49,guest,2005-05-24 01:15:01,6,0.0000,0.0000,0.0000,NULL,NULL,NULL,NULL
92,Concentric Network,NULL,NULL,NULL,NULL,NULL,NULL,NULL,NULL,1,0,0,NULL,NULL,NULL,NULL,0,NULL,NULL,NULL,NULL,NULL,NULL,NULL,NULL,0,NULL,NULL,NULL,NULL,core_company,0c4454c7c6112275000025154872b0e6,admin,2013-06-05 16:59:48,guest,2005-05-24 01:15:01,2,0.0000,0.0000,0.0000,NULL,NULL,NULL,NULL
93,VIA,NULL,NULL,NULL,NULL,NULL,NULL,NULL,NULL,1,0,0,NULL,NULL,NULL,NULL,0,NULL,NULL,NULL,NULL,NULL,NULL,NULL,NULL,0,NULL,NULL,NULL,NULL,core_company,0c4456f9c6112275000025158a735130,admin,2013-06-05 21:45:05,guest,2005-05-24 01:15:02,2,0.0000,0.0000,0.0000,NULL,NULL,NULL,NULL
94,Aureal,NULL,NULL,NULL,NULL,NULL,NULL,NULL,NULL,1,0,0,NULL,NULL,NULL,NULL,0,NULL,NULL,NULL,NULL,NULL,NULL,NULL,NULL,0,NULL,NULL,NULL,NULL,core_company,0c445757c6112275000025158c39d763,admin,2013-06-05 16:40:01,guest,2005-05-24 01:15:02,2,0.0000,0.0000,0.0000,NULL,NULL,NULL,NULL
95,Trend Micro,NULL,NULL,NULL,NULL,NULL,NULL,NULL,NULL,1,0,0,NULL,NULL,NULL,NULL,0,NULL,NULL,NULL,NULL,NULL,NULL,NULL,NULL,0,NULL,NULL,NULL,NULL,core_company,0c4457f3c6112275000025156a64a09b,admin,2013-06-05 21:41:26,guest,2005-05-24 01:15:02,2,0.0000,0.0000,0.0000,NULL,NULL,NULL,NULL
96,Microtek,NULL,NULL,NULL,NULL,NULL,NULL,NULL,NULL,1,0,0,NULL,NULL,NULL,NULL,0,NULL,NULL,NULL,NULL,NULL,NULL,NULL,NULL,0,NULL,NULL,NULL,NULL,core_company,0c44596ac611227500002515e2abf9ad,admin,2013-06-05 18:38:21,guest,2005-05-24 01:15:02,2,0.0000,0.0000,0.0000,NULL,NULL,NULL,NULL
97,Ipswitch,NULL,NULL,NULL,NULL,NULL,NULL,NULL,NULL,1,0,0,NULL,NULL,NULL,NULL,0,NULL,NULL,NULL,NULL,NULL,NULL,NULL,NULL,0,NULL,NULL,NULL,NULL,core_company,0c4459b8c61122750000251544213ed1,admin,2013-06-05 18:10:26,guest,2005-05-24 01:15:02,2,0.0000,0.0000,0.0000,NULL,NULL,NULL,NULL
98,Corsair,46221 Landing Parkway,Fremont,CA,94538,USA,(510) 657-8747,(510) 657-8748,NULL,1,1,0,NULL,NULL,NULL,NULL,0,NULL,NULL,37.4875940,-121.9458670,NULL,1c8d13de37400100fceabfc8bcbe5dfc,NULL,300,0,NULL,NULL,NULL,NULL,core_company,0e579a3b37e3100044e0bfc8bcbe5d53,admin,2013-05-07 05:50:23,admin,2012-01-20 22:31:39,6,0.0000,0.0000,0.0000,NULL,NULL,NULL,NULL
99,Microsoft,One Microsoft Way,Redmond,WA,98052,USA,(425) 882-8080,(425) 936-7329,NULL,1,1,0,NULL,NULL,MSFT,33.8,0,NULL,NULL,NULL,NULL,2: couldn't find this address! sorry,8a8d53de37400100fceabfc8bcbe5d1e,NULL,94000,0,www.microsoft.com,NULL,valued,NULL,core_company,0e8b8e650a0a0b3b004f285ffbb1a4fc,admin,2013-05-09 18:25:08,kenny.gabel,2009-11-19 22:24:04,6,0.0000,0.0000,0.0000,NULL,NULL,NULL,NULL
100,Apache Software Foundation,"2000 Post Oak Boulevard, Suite 100",Houston,TX,77056-4400,U.S,(713) 296-6000,(800) 272-2434,NULL,1,1,0,NULL,NULL,APA,75.25,0,NULL,NULL,29.7462250,-95.4610520,NULL,8a8d53de37400100fceabfc8bcbe5d1e,NULL,5976,1,NULL,NULL,NULL,NULL,core_company,10694925c611227500b52598612a671c,admin,2013-05-08 18:00:57,glide.maint,2005-05-24 20:33:52,6,0.0000,0.0000,0.0000,NULL,NULL,NULL,NULL
101,CyberRAID™,NULL,NULL,NULL,NULL,NULL,NULL,NULL,NULL,1,1,0,NULL,NULL,NULL,NULL,0,NULL,NULL,NULL,NULL,NULL,NULL,NULL,NULL,0,NULL,NULL,NULL,NULL,core_company,10997bd5c6112275005d4a62385f4e86,admin,2013-06-05 17:15:42,glide.maint,2005-05-24 21:26:31,3,0.0000,0.0000,0.0000,NULL,NULL,NULL,NULL
102,OpenSource,NULL,NULL,NULL,NULL,NULL,NULL,NULL,NULL,1,0,0,NULL,http://dev.mysql.com/,NULL,NULL,0,NULL,NULL,NULL,NULL,NULL,NULL,NULL,NULL,0,NULL,NULL,NULL,NULL,core_company,10a5a471c6112275004cdf7ed3999cd6,admin,2013-06-05 20:43:55,glide.maint,2005-05-24 21:39:47,3,0.0000,0.0000,0.0000,NULL,NULL,NULL,NULL
103,ACME Italy,NULL,Rome,NULL,NULL,France,NULL,NULL,NULL,0,0,1,81f87336ac1d55eb06002def816d139f,NULL,ACME,NULL,0,NULL,NULL,32.7114720,-117.1665870,NULL,NULL,NULL,NULL,0,NULL,NULL,NULL,NULL,core_company,187d13f03710200044e0bfc8bcbe5df2,admin,2013-06-05 22:22:42,admin,2012-02-18 02:42:19,1,0.0000,0.0000,0.0000,NULL,NULL,NULL,NULL
104,ACME South America,NULL,NULL,NULL,NULL,USA,NULL,NULL,NULL,0,0,1,98c37b193790200044e0bfc8bcbe5dbe,NULL,ACME,NULL,0,NULL,NULL,32.7114720,-117.1665870,NULL,NULL,NULL,NULL,0,NULL,NULL,NULL,NULL,core_company,227cdfb03710200044e0bfc8bcbe5d6b,admin,2013-06-05 22:24:08,admin,2012-02-18 02:37:33,6,0.0000,0.0000,0.0000,NULL,NULL,NULL,NULL
105,AOpen,NULL,NULL,NULL,NULL,USA,NULL,NULL,NULL,0,0,0,NULL,NULL,NULL,NULL,0,NULL,NULL,NULL,NULL,NULL,NULL,NULL,NULL,0,NULL,NULL,NULL,NULL,core_company,2c0c3ed4bfd101007a6d257b3f07397e,admin,2013-06-05 16:37:07,admin,2013-05-08 20:23:01,1,0.0000,0.0000,0.0000,NULL,NULL,NULL,NULL
106,System manufacturer,NULL,NULL,NULL,NULL,USA,NULL,NULL,NULL,0,0,0,NULL,NULL,NULL,NULL,0,NULL,NULL,NULL,NULL,NULL,NULL,NULL,NULL,0,NULL,NULL,NULL,NULL,core_company,2f1c3218bfd101007a6d257b3f0739ee,admin,2013-05-08 20:23:29,admin,2013-05-08 20:23:29,0,0.0000,0.0000,0.0000,NULL,NULL,NULL,NULL
107,Dynex,7601 Penn Avenue South,Richfield,MN,55423-3645,USA,(800) 305-2204,(800) 305-2204,NULL,1,1,0,NULL,NULL,DX,10.79,0,NULL,NULL,44.8653640,-93.3086240,NULL,1c8d13de37400100fceabfc8bcbe5dfc,NULL,17,0,NULL,NULL,NULL,NULL,core_company,2f7c167b37e3100044e0bfc8bcbe5d6c,admin,2013-05-07 05:50:23,admin,2012-01-20 22:52:12,5,0.0000,0.0000,0.0000,NULL,NULL,NULL,NULL
108,ACME North America,NULL,NULL,NULL,NULL,USA,NULL,NULL,NULL,0,0,1,98c37b193790200044e0bfc8bcbe5dbe,NULL,NULL,NULL,0,NULL,NULL,NULL,NULL,NULL,NULL,NULL,NULL,0,NULL,NULL,NULL,NULL,core_company,31bea3d53790200044e0bfc8bcbe5dec,admin,2013-06-05 22:23:31,admin,2012-02-19 17:11:11,5,0.0000,0.0000,0.0000,NULL,NULL,NULL,NULL
109,Adtran,901 Explorer Boulevard,Huntsville,AL,35806-2807,U.S,(256) 963-8000,(256) 963-8030,NULL,1,1,0,NULL,NULL,ADTN,21.60,0,NULL,NULL,34.7226470,-86.6793240,NULL,569d6263df300100cd7da5f59bf2632c,NULL,2045,1,NULL,NULL,valued,56826bf03710200044e0bfc8bcbe5dca,core_company,31e83f333723100044e0bfc8bcbe5da7,admin,2013-06-05 22:29:17,guest,2005-05-24 01:14:46,8,0.0000,0.0000,0.0000,NULL,NULL,NULL,NULL
110,Cloudward Inc,"1100 Larkspur Landing Circle
",Larkspur,CA,94939,USA,(415) 464-4849,(425) 458-4511,NULL,0,1,0,NULL,NULL,CDWD,0.55,0,NULL,NULL,37.9482240,-122.5090850,NULL,1c8d13de37400100fceabfc8bcbe5dfc,NULL,57,0,NULL,NULL,NULL,NULL,core_company,3efe8c4c37423000158bbfc8bcbe5d7d,admin,2013-05-09 20:58:22,admin,2012-11-26 23:44:34,8,0.0000,0.0000,0.0000,NULL,NULL,NULL,NULL
111,Samsung,Samsung Main Building 250-2 ga Taepyung-ro,Seoul,NULL,100-742,South Korea,(822) 727-7114,(822) 727-7114,NULL,1,1,0,NULL,NULL,BC94,668.25,0,NULL,NULL,NULL,NULL,2: couldn't find this address! sorry,1c8d13de37400100fceabfc8bcbe5dfc,NULL,221726,1,www.samsung.com,NULL,valued,NULL,core_company,43febe921b5310002502fbcd2c0713bc,admin,2013-05-09 17:57:11,admin,2012-01-03 23:13:42,5,0.0000,0.0000,0.0000,NULL,NULL,NULL,NULL
112,ACME Czech Republic,NULL,Prague,NULL,NULL,France,NULL,NULL,NULL,0,0,1,81f87336ac1d55eb06002def816d139f,NULL,ACME,NULL,0,NULL,NULL,32.7114720,-117.1665870,NULL,NULL,NULL,NULL,0,NULL,NULL,NULL,NULL,core_company,4b7d13f03710200044e0bfc8bcbe5db6,admin,2013-06-05 22:21:53,admin,2012-02-18 02:41:41,1,0.0000,0.0000,0.0000,NULL,NULL,NULL,NULL
113,The Eclipse Foundation,102 Centrepointe Drive,Ottawa,Ontario,K2G 6B1,Canada,(613) 224-9461,(613) 224-9461,NULL,1,1,0,NULL,NULL,NULL,NULL,0,NULL,NULL,NULL,NULL,2: couldn't find this address! sorry,8a8d53de37400100fceabfc8bcbe5d1e,NULL,176,0,www.eclipse.org,NULL,valued,NULL,core_company,4c1090ce37413000158bbfc8bcbe5d34,admin,2013-05-09 17:24:56,admin,2012-10-14 11:55:15,6,0.0000,0.0000,0.0000,NULL,NULL,NULL,NULL
114,EMC,176 South Street,Hopkinton ,MA,01748,USA,(866) 438-3622,(508) 435-1000,NULL,1,1,0,NULL,NULL,EMC,23.34,0,NULL,where information lives,42.1982300,-71.5419900,NULL,1c8d13de37400100fceabfc8bcbe5dfc,NULL,60000,1,www.emc.com,NULL,valued,NULL,core_company,5fcfdb49c0a8010e0037a40d71de0425,admin,2013-05-09 19:22:06,glide.maint,2006-07-11 22:58:12,7,0.0000,0.0000,0.0000,NULL,NULL,NULL,NULL
115,Parallels Software International Inc.,NULL,NULL,NULL,NULL,USA,NULL,NULL,NULL,0,0,0,NULL,NULL,NULL,NULL,0,NULL,NULL,NULL,NULL,NULL,NULL,NULL,NULL,0,NULL,NULL,NULL,NULL,core_company,631c7218bfd101007a6d257b3f073916,admin,2013-06-05 20:46:32,admin,2013-05-08 20:23:30,1,0.0000,0.0000,0.0000,NULL,NULL,NULL,NULL
116,Intel,2200 Mission College Boulevard,Santa Clara,CA,95054-1549,USA,(408) 765-8080,(408) 765-8080,NULL,1,1,0,NULL,NULL,INTC,23.9,0,NULL,NULL,37.3880830,-121.9644560,NULL,"8a8d53de37400100fceabfc8bcbe5d1e,1c8d13de37400100fceabfc8bcbe5dfc",NULL,105000,1,www.intel.com,NULL,valued,NULL,core_company,7aad6d00c611228400f00e0f80b67d2d,admin,2013-05-09 19:06:07,system,2005-09-21 21:53:37,5,0.0000,0.0000,0.0000,NULL,NULL,NULL,NULL
117,Network Associates,NULL,NULL,NULL,NULL,USA,NULL,NULL,NULL,1,0,0,NULL,NULL,NULL,NULL,0,NULL,NULL,NULL,NULL,NULL,NULL,NULL,NULL,0,NULL,NULL,NULL,NULL,core_company,7aad80c2c61122840034d46a1742318f,admin,2013-06-05 20:40:06,system,2005-09-21 21:53:42,1,0.0000,0.0000,0.0000,NULL,NULL,NULL,NULL
118,InstallShield Software,"1000 E Woodfield Road, Suite 400",Schaumburg,IL,60173,USA,(800) 374-4353,NULL,NULL,1,1,0,NULL,NULL,NULL,NULL,0,NULL,NULL,NULL,NULL,NULL,8a8d53de37400100fceabfc8bcbe5d1e,NULL,1123,0,www.installshield.com,NULL,NULL,NULL,core_company,7aadbe7dc611228400267b76a166af6f,admin,2013-05-09 19:07:38,system,2005-09-21 21:53:58,4,0.0000,0.0000,0.0000,NULL,NULL,NULL,NULL
119,Logitech,"2-4, Rue du Sablon",Morges,NULL,1110,Switzerland,41 21 863 51 11,41 21 863 51 11,NULL,1,1,0,NULL,NULL,LOGI,6.56,0,NULL,NULL,NULL,NULL,2: couldn't find this address! sorry,"8a8d53de37400100fceabfc8bcbe5d1e,1c8d13de37400100fceabfc8bcbe5dfc",NULL,11000,1,www.logitech.com,NULL,NULL,NULL,core_company,7aaddf3bc611228401ef48fb69815c17,admin,2013-05-09 18:34:37,system,2005-09-21 21:54:06,5,0.0000,0.0000,0.0000,NULL,NULL,NULL,NULL
120,Palm,3000 Hanover Street,Palo Alto,CA,94304,USA,(650) 857-1501,(650) 857-1501,NULL,1,1,0,NULL,NULL,PALM,20.65,0,NULL,NULL,37.4139460,-122.1471550,NULL,"8a8d53de37400100fceabfc8bcbe5d1e,1c8d13de37400100fceabfc8bcbe5dfc",NULL,6345,1,www.palm.com,NULL,valued,NULL,core_company,7aade068c6112284008bb9d135dbba0d,admin,2013-05-09 18:15:19,system,2005-09-21 21:54:07,5,0.0000,0.0000,0.0000,NULL,NULL,NULL,NULL
121,Sun Microsystems,500 Oracle Parkway,"Redwood City, CA 94065",NULL,NULL,USA,(650) 506-7000,(650) 506-7000,NULL,1,1,0,NULL,NULL,NULL,NULL,0,NULL,NULL,37.5295260,-122.2639690,NULL,8a8d53de37400100fceabfc8bcbe5d1e,NULL,38600,0,www.sun.com,NULL,NULL,NULL,core_company,7aadecd8c6112284005a7ff7591af97e,admin,2013-05-09 17:35:52,system,2005-09-21 21:54:10,5,0.0000,0.0000,0.0000,NULL,NULL,NULL,NULL
122,Google,1600 Amphitheatre Parkway,Mountain View,94043,CA,USA,(650) 253-0000,NULL,NULL,1,1,0,NULL,NULL,Goog,861.55,0,NULL,NULL,NULL,NULL,2: couldn't find this address! sorry,"78ad6263df300100cd7da5f59bf26334,8a8d53de37400100fceabfc8bcbe5d1e",NULL,53891,0,www.google.com,NULL,valued,NULL,core_company,7aadedb5c6112284002ad6a06f28549a,admin,2013-05-09 19:15:35,system,2005-09-21 21:54:10,6,0.0000,0.0000,0.0000,NULL,NULL,NULL,NULL
123,Yahoo!,701 First Avenue,Sunnyvale,CA,94089,USA,NULL,NULL,NULL,1,1,0,NULL,NULL,YHOO,25.32,0,NULL,NULL,37.4179417,-122.0241487,NULL,"8a8d53de37400100fceabfc8bcbe5d1e,78ad6263df300100cd7da5f59bf26334",NULL,11700,0,www.yahoo.com,NULL,strategic,NULL,core_company,7aae5220c611228400206be63ada1602,admin,2013-05-09 17:09:17,system,2005-09-21 21:54:36,5,0.0000,0.0000,0.0000,NULL,NULL,NULL,NULL
124,Sony,1-7-1 Konan Minato-ku,"Tokyo, 108-0075, Japan",NULL,NULL,USA,81 3 6748 2111,81 3 6748 2111,NULL,1,1,0,NULL,NULL,SNE,17.28,0,NULL,NULL,NULL,NULL,2: couldn't find this address! sorry,"1c8d13de37400100fceabfc8bcbe5dfc,8a8d53de37400100fceabfc8bcbe5d1e",NULL,162700,1,www.sony.com,NULL,valued,NULL,core_company,7aae6bacc61122840197d63b015021b6,admin,2013-05-09 17:41:58,system,2005-09-21 21:54:42,5,0.0000,0.0000,0.0000,NULL,NULL,NULL,NULL
125,Linksys,170 West Tasman Drive,San Jose,CA,95134-1706,USA,NULL,NULL,NULL,1,1,0,NULL,NULL,NULL,NULL,0,NULL,NULL,37.4090520,-121.9507850,NULL,1c8d13de37400100fceabfc8bcbe5dfc,NULL,700,0,www.linksys.com,NULL,strategic,NULL,core_company,7aae763cc611228400aaf3d21aa0f8b9,admin,2013-05-09 18:35:58,system,2005-09-21 21:54:45,5,0.0000,0.0000,0.0000,NULL,NULL,NULL,NULL
126,Intuit,2700 Coast Avenue,Mountain View,CA,94043,USA,(650) 944-6000,(650) 944-6000,NULL,1,1,0,NULL,NULL,INTU,60.75,0,NULL,NULL,37.4302730,-122.0975140,NULL,8a8d53de37400100fceabfc8bcbe5d1e,NULL,8500,1,NULL,NULL,valued,NULL,core_company,7aae95c4c6112284014362d918e2cd44,admin,2013-05-09 19:05:09,system,2005-09-21 21:54:53,5,0.0000,0.0000,0.0000,NULL,NULL,NULL,NULL
127,Photo Click,NULL,NULL,NULL,NULL,USA,NULL,NULL,NULL,1,0,0,NULL,NULL,NULL,NULL,0,NULL,NULL,NULL,NULL,NULL,NULL,NULL,NULL,0,NULL,NULL,NULL,NULL,core_company,7aae9d3dc611228400026161d4203519,admin,2013-06-05 20:57:38,system,2005-09-21 21:54:55,1,0.0000,0.0000,0.0000,NULL,NULL,NULL,NULL
128,Intel Corporation,NULL,NULL,NULL,NULL,USA,NULL,NULL,NULL,0,0,0,NULL,NULL,NULL,NULL,0,NULL,NULL,NULL,NULL,NULL,NULL,NULL,NULL,0,NULL,NULL,NULL,NULL,core_company,7e2cb218bfd101007a6d257b3f0739db,admin,2013-06-05 18:03:49,admin,2013-05-08 20:23:43,1,0.0000,0.0000,0.0000,NULL,NULL,NULL,NULL
129,ACME South Africa,NULL,South Africa,NULL,NULL,USA,NULL,NULL,NULL,0,0,1,81f87336ac1d55eb06002def816d139f,NULL,NULL,NULL,0,NULL,NULL,32.7114720,-117.1665870,NULL,NULL,NULL,NULL,0,NULL,NULL,NULL,NULL,core_company,81f75fcaac1d55eb2b0781d6f2c3c260,admin,2013-06-05 22:23:42,dariusz.maint,2010-11-25 07:37:41,11,0.0000,0.0000,0.0000,NULL,NULL,NULL,NULL
130,ACME EMEA,NULL,NULL,NULL,NULL,UK,NULL,NULL,NULL,0,0,1,e7c1f3d53790200044e0bfc8bcbe5deb,NULL,ACME,NULL,0,NULL,NULL,32.7114720,-117.1665870,NULL,NULL,NULL,NULL,0,NULL,NULL,NULL,NULL,core_company,81f87336ac1d55eb06002def816d139f,admin,2013-06-05 22:22:06,dariusz.maint,2010-11-25 07:38:52,5,0.0000,0.0000,0.0000,NULL,NULL,NULL,NULL
131,ACME APAC,NULL,NULL,NULL,NULL,Hong Kong,NULL,NULL,NULL,0,0,1,e7c1f3d53790200044e0bfc8bcbe5deb,NULL,ACME,NULL,0,NULL,NULL,32.7114720,-117.1665870,NULL,NULL,NULL,NULL,0,NULL,NULL,NULL,NULL,core_company,81f95197ac1d55eb35432fd1e068385e,admin,2013-06-05 22:20:59,dariusz.maint,2010-11-25 07:39:49,7,0.0000,0.0000,0.0000,NULL,NULL,NULL,NULL
132,ACME France,NULL,Paris,NULL,NULL,France,NULL,NULL,NULL,0,0,1,81f87336ac1d55eb06002def816d139f,NULL,ACME,NULL,0,NULL,NULL,32.7114720,-117.1665870,NULL,NULL,NULL,NULL,0,NULL,NULL,NULL,NULL,core_company,81fbfe03ac1d55eb286d832de58ae1fd,admin,2013-06-05 22:22:17,dariusz.maint,2010-11-25 07:42:44,1,0.0000,0.0000,0.0000,NULL,NULL,NULL,NULL
133,ACME Germany,NULL,Frankfurt,NULL,NULL,Germany,NULL,NULL,NULL,0,0,1,81f87336ac1d55eb06002def816d139f,NULL,ACME,NULL,0,NULL,NULL,32.7114720,-117.1665870,NULL,NULL,NULL,NULL,0,NULL,NULL,NULL,NULL,core_company,81fca4cbac1d55eb355b4b6db0e3c80f,admin,2013-06-05 22:22:31,dariusz.maint,2010-11-25 07:43:26,1,0.0000,0.0000,0.0000,NULL,NULL,NULL,NULL
134,ACME Japan,NULL,Tokyo,NULL,NULL,Japan,NULL,NULL,NULL,0,0,1,81f95197ac1d55eb35432fd1e068385e,NULL,ACME,NULL,0,NULL,NULL,32.7114720,-117.1665870,NULL,NULL,NULL,NULL,0,NULL,NULL,NULL,NULL,core_company,81fd65ecac1d55eb42a426568fc87a63,admin,2013-06-05 22:23:18,dariusz.maint,2010-11-25 07:44:16,1,0.0000,0.0000,0.0000,NULL,NULL,NULL,NULL
135,ACME China,NULL,Shanghai,NULL,NULL,RPC,NULL,NULL,NULL,0,0,1,81f95197ac1d55eb35432fd1e068385e,NULL,ACME,NULL,0,NULL,NULL,32.7114720,-117.1665870,NULL,NULL,NULL,NULL,0,NULL,NULL,NULL,NULL,core_company,81fdf9ebac1d55eb4cb89f136a082555,admin,2013-06-05 22:21:26,dariusz.maint,2010-11-25 07:44:54,3,0.0000,0.0000,0.0000,NULL,NULL,NULL,NULL
136,Acer,"333 W. San Carlos St.,Ste. 1500",San Jose,CA,95110,USA,(408) 533-7700,(408) 533-7700,NULL,1,1,0,NULL,NULL,2353:TW,23.60,0,NULL,explore beyond limits,37.3284740,-121.8935330,NULL,1c8d13de37400100fceabfc8bcbe5dfc,NULL,7500,1,NULL,NULL,valued,be82abf03710200044e0bfc8bcbe5d1c,core_company,820351a1c0a8018b67c73d51c074097c,admin,2013-06-05 15:47:42,dariusz.maint,2010-05-10 11:40:09,15,0.0000,0.0000,0.0000,NULL,NULL,NULL,NULL
137,Brother,"15-1, Naeshiro-cho",Mizuho-ku,Nagoya,467-8561,Japan,81 5 2824 2075,81 5 2811 6826,NULL,1,1,0,NULL,NULL,BRTHY,22.90,0,NULL,at your side,NULL,NULL,2: couldn't find this address! sorry,1c8d13de37400100fceabfc8bcbe5dfc,NULL,NULL,0,NULL,NULL,valued,NULL,core_company,8218f1ecc0a8018b1bbea3b03f92b33e,admin,2013-05-07 05:50:22,dariusz.maint,2010-05-10 12:03:17,6,0.0000,0.0000,0.0000,NULL,NULL,NULL,NULL
138,ACME Africa,NULL,NULL,NULL,NULL,USA,NULL,NULL,NULL,0,0,1,e7c1f3d53790200044e0bfc8bcbe5deb,NULL,NULL,NULL,0,NULL,NULL,32.7114720,-117.1665870,NULL,NULL,NULL,NULL,0,NULL,NULL,NULL,NULL,core_company,86c1f3193790200044e0bfc8bcbe5d95,admin,2013-06-05 22:19:34,admin,2012-02-19 17:25:24,3,0.0000,0.0000,0.0000,NULL,NULL,NULL,NULL
139,ACME Switzerland,NULL,Geneva,NULL,NULL,France,NULL,NULL,NULL,0,0,1,81f87336ac1d55eb06002def816d139f,NULL,ACME,NULL,0,NULL,NULL,32.7114720,-117.1665870,NULL,NULL,NULL,NULL,0,NULL,NULL,NULL,NULL,core_company,8ec33b193790200044e0bfc8bcbe5d35,admin,2013-06-05 22:23:55,admin,2012-02-19 17:32:30,1,0.0000,0.0000,0.0000,NULL,NULL,NULL,NULL
140,Autodesk Inc.,111 McInnis Parkway,San Rafael,CA,94903,USA,(415) 507-5000,(415) 507-5000,NULL,1,1,0,NULL,NULL,ADSK,39.52,0,NULL,NULL,38.0054100,-122.5327210,NULL,8a8d53de37400100fceabfc8bcbe5d1e,NULL,7300,1,NULL,NULL,NULL,NULL,core_company,934181fec0a8000b1faf2ba67247ec78,admin,2013-05-07 05:50:22,dariusz.szybowski,2011-01-17 09:15:08,6,0.0000,0.0000,0.0000,NULL,NULL,NULL,NULL
141,ServiceNow,4810 Eastgate Mall,San Diego,CA,92121,USA,(858) 720-0477,(858) 720-0477,NULL,1,1,0,NULL,NULL,NOW,40.3,0,NULL,NULL,NULL,NULL,2: couldn't find this address! sorry,"8a8d53de37400100fceabfc8bcbe5d1e,569d6263df300100cd7da5f59bf2632c",NULL,1077,1,www.servicenow.com,NULL,strategic,5137153cc611227c000bbd1bd8cd2005,core_company,93d4ecfac0a8000b6294d71b733977fb,admin,2013-05-07 23:28:30,dariusz.szybowski,2011-01-17 11:56:03,12,0.0000,5230000000.0000,282220000.0000,NULL,NULL,NULL,NULL
142,Apttus,NULL,Bangalore,NULL,NULL,USA,NULL,NULL,NULL,0,0,0,NULL,AI based company.,NULL,NULL,0,NULL,NULL,NULL,NULL,NULL,NULL,NULL,NULL,0,NULL,NULL,NULL,NULL,core_company,96518760731823002728660c4cf6a7c9,admin,2018-08-30 08:14:22,admin,2018-08-30 08:14:01,1,0.0000,0.0000,0.0000,NULL,NULL,NULL,NULL
143,ACME Americas,NULL,NULL,NULL,NULL,USA,NULL,NULL,NULL,0,0,1,e7c1f3d53790200044e0bfc8bcbe5deb,NULL,NULL,NULL,0,NULL,NULL,NULL,NULL,NULL,NULL,NULL,NULL,0,NULL,NULL,NULL,NULL,core_company,98c37b193790200044e0bfc8bcbe5dbe,admin,2013-06-05 22:20:45,admin,2012-02-19 17:35:39,2,0.0000,0.0000,0.0000,NULL,NULL,NULL,NULL
144,Xen,NULL,NULL,NULL,NULL,USA,NULL,NULL,NULL,0,0,0,NULL,NULL,NULL,NULL,0,NULL,NULL,NULL,NULL,NULL,NULL,NULL,NULL,0,NULL,NULL,NULL,NULL,core_company,9b2cf218bfd101007a6d257b3f07396a,admin,2013-06-05 22:05:00,admin,2013-05-08 20:23:45,1,0.0000,0.0000,0.0000,NULL,NULL,NULL,NULL
145,APC,"520 8th Ave., 21st Floor",New York,NY,10018,U.S,(212) 594-9333,(212) 594-9333,NULL,1,1,0,NULL,NULL,APCC,12.28,0,NULL,Legendary Reliability,40.7536920,-73.9925760,2: couldn't find this address! sorry,1c8d13de37400100fceabfc8bcbe5dfc,NULL,113900,1,NULL,NULL,NULL,NULL,core_company,9be9bf333723100044e0bfc8bcbe5ddf,admin,2013-05-09 20:33:25,guest,2005-05-24 01:14:46,12,0.0000,0.0000,0.0000,NULL,NULL,NULL,NULL
146,Asus,800 Corporate Way,Fremont,CA,94539,USA,(510) 739-3777,(510) 608-4555,NULL,1,1,0,NULL,NULL,ASUUY,58.00,0,NULL,Inspiring Inovation. Persistent Perfection,37.4995910,-121.9284670,NULL,1c8d13de37400100fceabfc8bcbe5dfc,NULL,3400,1,NULL,NULL,valued,NULL,core_company,a4bfed3737e3100044e0bfc8bcbe5dbe,admin,2013-05-09 20:35:52,admin,2012-01-20 19:33:33,5,0.0000,0.0000,0.0000,NULL,NULL,NULL,NULL
147,ACME UK,NULL,London,NULL,NULL,France,NULL,NULL,NULL,0,0,1,81f87336ac1d55eb06002def816d139f,NULL,ACME,NULL,0,NULL,NULL,32.7114720,-117.1665870,NULL,NULL,NULL,NULL,0,NULL,NULL,NULL,NULL,core_company,a66b1fb03710200044e0bfc8bcbe5d08,admin,2013-06-05 22:22:52,admin,2012-02-18 02:33:27,1,0.0000,0.0000,0.0000,NULL,NULL,NULL,NULL
148,Picsel Technologies,NULL,NULL,NULL,NULL,USA,NULL,NULL,NULL,1,0,0,NULL,NULL,NULL,NULL,0,NULL,NULL,NULL,NULL,2: couldn't find this address! sorry,NULL,NULL,NULL,0,NULL,NULL,NULL,NULL,core_company,a9a2e322c6112276019177b97636b2a1,admin,2013-06-05 20:59:20,employee,2006-04-17 20:55:25,1,0.0000,0.0000,0.0000,NULL,NULL,NULL,NULL
149,UPEK,NULL,NULL,NULL,NULL,USA,NULL,NULL,NULL,1,0,0,NULL,NULL,NULL,NULL,0,NULL,NULL,NULL,NULL,2: couldn't find this address! sorry,NULL,NULL,NULL,0,NULL,NULL,NULL,NULL,core_company,a9a31a8ec611227601bca6b5545b0b12,admin,2013-06-05 21:44:07,employee,2006-04-17 20:55:39,1,0.0000,0.0000,0.0000,NULL,NULL,NULL,NULL
150,Broadcom,5300 California Avenue,Irvine,CA,92617-3038,USA,(949) 926-5000,(949) 926-5203,NULL,1,1,0,NULL,NULL,BRCM,36.22,0,NULL,NULL,33.6461620,-117.8560760,2: couldn't find this address! sorry,78ad6263df300100cd7da5f59bf26334,NULL,NULL,0,NULL,NULL,NULL,NULL,core_company,a9a3568dc6112276005ae48716927f69,admin,2013-05-07 05:50:22,employee,2006-04-17 20:55:54,6,0.0000,0.0000,0.0000,NULL,NULL,NULL,NULL
151,WIDCOMM,NULL,NULL,NULL,NULL,USA,NULL,NULL,NULL,1,0,0,NULL,NULL,NULL,NULL,0,NULL,NULL,NULL,NULL,2: couldn't find this address! sorry,NULL,NULL,NULL,0,NULL,NULL,NULL,NULL,core_company,a9a38648c611227600b23147de9b0341,admin,2013-06-05 22:01:09,employee,2006-04-17 20:56:06,1,0.0000,0.0000,0.0000,NULL,NULL,NULL,NULL
152,Siebel,500 Oracle Parkway,"Redwood City, CA 94065",NULL,NULL,USA,(650) 506-7000,(650) 506-7000,NULL,1,1,0,NULL,NULL,SBL,23.44,0,NULL,NULL,37.5295260,-122.2639690,2: couldn't find this address! sorry,8a8d53de37400100fceabfc8bcbe5d1e,NULL,5036,1,www.siebelsystems.com,NULL,NULL,NULL,core_company,a9c27b93c61122760155927f6ffa9094,admin,2013-05-09 17:44:07,admin,2006-04-17 21:29:55,5,0.0000,0.0000,0.0000,NULL,NULL,NULL,NULL
153,Lenovo,1009 Think Place,Morrisville,NC,27560,USA,(866) 968-4465,(866) 968-4465,NULL,1,1,0,NULL,NULL,LNVGY,17.87,0,NULL,NULL,NULL,NULL,2: couldn't find this address! sorry,1c8d13de37400100fceabfc8bcbe5dfc,NULL,27000,1,www.lenovo.com,NULL,valued,NULL,core_company,aa0a6df8c611227601cd2ed45989e0ac,admin,2013-05-09 18:55:11,admin,2006-04-17 22:48:30,4,0.0000,0.0000,0.0000,NULL,NULL,NULL,NULL
154,Amazon,"1200 12th Ave. South, Ste. 1200",Seattle,WA,98144-2734,USA,(866) 216-1072,(866) 216-1072,NULL,1,1,0,NULL,NULL,AMZN,258.09,0,NULL,and you're done.,47.5915200,-122.3172360,NULL,"1c8d13de37400100fceabfc8bcbe5dfc,569d6263df300100cd7da5f59bf2632c,8a8d53de37400100fceabfc8bcbe5d1e",NULL,88400,1,NULL,NULL,strategic,NULL,core_company,adb3d8ce37413000158bbfc8bcbe5d15,admin,2013-05-07 17:18:47,admin,2012-10-14 12:10:18,7,0.0000,0.0000,0.0000,NULL,NULL,NULL,NULL
155,iBUYPOWER,529 N. Baldwin Park Blvd,City of Industry,CA,91746,USA,(888) 462-3899,(888) 462-3899,NULL,1,1,0,NULL,NULL,NULL,NULL,0,NULL,NULL,34.0566690,-117.9924910,NULL,1c8d13de37400100fceabfc8bcbe5dfc,NULL,43,0,www.ibuypower.com,NULL,NULL,NULL,core_company,add7b97737e3100044e0bfc8bcbe5d96,admin,2013-05-09 19:12:55,admin,2012-01-20 20:11:04,5,0.0000,0.0000,0.0000,NULL,NULL,NULL,NULL
156,Hewlett-Packard,3000 Hanover Street,Palo Alto,94304,CA,NULL,650-857-1501,(650) 857-1501,NULL,1,1,0,NULL,NULL,HPQ,NULL,0,NULL,NULL,NULL,NULL,2: couldn't find this address! sorry,"1c8d13de37400100fceabfc8bcbe5dfc,8a8d53de37400100fceabfc8bcbe5d1e",NULL,331800,1,www.hp.com,NULL,valued,NULL,core_company,b7e7a507c0a8016900920ee7d71d6df9,admin,2013-05-07 05:50:23,glide.maint,2005-08-15 02:11:15,9,0.0000,0.0000,0.0000,NULL,NULL,NULL,NULL
157,IBM,1133 Westchester Avenue,White Plains,New York,10604,USA,1-800-IBM-4YOU,(914) 499-1900,NULL,1,1,0,NULL,NULL,IBM,200.78,0,NULL,NULL,NULL,NULL,2: couldn't find this address! sorry,"8a8d53de37400100fceabfc8bcbe5d1e,1c8d13de37400100fceabfc8bcbe5dfc",NULL,442255,0,www.ibm.com,NULL,valued,NULL,core_company,b7e7c073c0a801690143e7b7d29eb408,admin,2013-05-09 19:14:13,glide.maint,2005-08-15 02:11:22,11,0.0000,0.0000,0.0000,NULL,NULL,NULL,NULL
158,Dell Inc.,2300 Greenlawn Blvd,Round Rock,TX,78664,USA,(512) 338-4400,(619) 501-5252,NULL,1,1,0,NULL,NULL,DELL,13.29,0,NULL,NULL,30.4858840,-97.6621680,2: couldn't find this address! sorry,"1c8d13de37400100fceabfc8bcbe5dfc,8a8d53de37400100fceabfc8bcbe5d1e",NULL,111300,0,NULL,NULL,valued,NULL,core_company,b7e7d7d8c0a8016900a5d7f291acce5c,admin,2013-05-09 19:23:32,glide.maint,2005-08-15 02:11:28,11,0.0000,0.0000,0.0000,NULL,NULL,NULL,NULL
159,Cisco,"170 West Tasman Drive
",San Jose,CA,95134-1706,U.S,408-526-4000,(408) 526-4100,NULL,1,1,0,NULL,NULL,CSCO,20.81,0,NULL,NULL,37.4090520,-121.9507850,NULL,1c8d13de37400100fceabfc8bcbe5dfc,NULL,66639,1,NULL,NULL,valued,NULL,core_company,b7e831bdc0a80169015ae101f3c4d6cd,admin,2013-05-09 20:44:27,glide.maint,2005-08-15 02:11:51,7,0.0000,0.0000,0.0000,NULL,NULL,NULL,NULL
160,Adobe Systems,345 Park Avenue,San Jose,CA,95110-2704,NULL,408-536-6000,(408) 536-6000,NULL,1,1,0,NULL,NULL,ADBE,47.01,0,NULL,NULL,37.3294070,-121.8950570,NULL,8a8d53de37400100fceabfc8bcbe5d1e,NULL,7459,1,NULL,NULL,valued,6a826bf03710200044e0bfc8bcbe5dec,core_company,b7e8b5c4c0a80169008b49e468920048,admin,2013-05-09 20:30:25,glide.maint,2005-08-15 02:12:25,12,0.0000,0.0000,0.0000,NULL,NULL,NULL,NULL
161,Apple,1 Infinite Loop,Cupertino,CA,95014,NULL,(408) 996-1010,(408) 996-1010,NULL,1,1,0,NULL,NULL,AAPL,453.00,0,NULL,Think different.,37.3305500,-122.0297000,NULL,"1c8d13de37400100fceabfc8bcbe5dfc,8a8d53de37400100fceabfc8bcbe5d1e",NULL,72800,1,NULL,NULL,valued,NULL,core_company,b7e9e843c0a80169009a5a485bb2a2b5,admin,2013-05-07 17:21:57,glide.maint,2005-08-15 02:13:44,12,0.0000,0.0000,0.0000,NULL,NULL,NULL,NULL
162,Gateway,7565 Irvine Center Drive,Irvine,CA,92618,USA,(949) 471-7040,(949) 471-7040,NULL,1,1,0,NULL,NULL,GTECX,28.15,0,NULL,NULL,33.6630420,-117.7534440,NULL,1c8d13de37400100fceabfc8bcbe5dfc,NULL,10432,1,www.gateway.com,NULL,valued,NULL,core_company,b7eafc3ec0a80169017bc0ac7b4fc209,admin,2013-05-09 19:17:11,glide.maint,2005-08-15 02:14:54,7,0.0000,0.0000,0.0000,NULL,NULL,NULL,NULL
163,Toshiba,1-1-1 Shibaura Minato-ku,"Tokyo, 105-8001, Japan",NULL,NULL,NULL,81-3-3457-4511,81-3-3457-4511,NULL,1,1,0,NULL,NULL,NULL,32.99,0,NULL,NULL,35.6488190,139.7546690,NULL,1c8d13de37400100fceabfc8bcbe5dfc,NULL,209784,1,www.toshiba.co.jp,NULL,tactical,NULL,core_company,b7eb1ab7c0a8016901a0bb6ff1498ac0,admin,2013-05-09 17:23:35,glide.maint,2005-08-15 02:15:02,5,0.0000,0.0000,0.0000,NULL,NULL,NULL,NULL
164,Maxtor,38/39 Fitzwilliam Square,Dublin,NULL,2,Ireland,353 1 234 3136,353 1 234 3136,NULL,1,1,0,NULL,NULL,MAXS,82.21,0,NULL,NULL,NULL,NULL,2: couldn't find this address! sorry,1c8d13de37400100fceabfc8bcbe5dfc,NULL,5790,1,www.maxstor.com,NULL,strategic,NULL,core_company,b7eb4926c0a801690152c19d715b21b4,admin,2013-05-09 18:26:41,glide.maint,2005-08-15 02:15:14,6,0.0000,0.0000,0.0000,NULL,NULL,NULL,NULL
165,Fujitsu,1-5-2 Higashi-Shimbashi,NULL,Tokyo,105-7123,Japan,81 3 6252 2220,81 3 6252 2221,NULL,1,1,0,NULL,NULL,FUJ.L,301.7,0,NULL,shaping tomorrow with you,NULL,NULL,2: couldn't find this address! sorry,1c8d13de37400100fceabfc8bcbe5dfc,NULL,NULL,0,www.fujjitsu.com,NULL,NULL,NULL,core_company,b7ecc4eac0a801690191d9adc563fe8a,admin,2013-05-09 19:17:32,glide.maint,2005-08-15 02:16:51,7,0.0000,0.0000,0.0000,NULL,NULL,NULL,NULL
166,Canon,"30-2, Shimomaruko 3-Chome",Ohta-ku,Tokyo,146-8501,Japan,81 3 3758 2111,81 3 3758 2111,NULL,1,1,0,NULL,NULL,CAJ,35.74,0,NULL,Delighting You Always,NULL,NULL,2: couldn't find this address! sorry,"1c8d13de37400100fceabfc8bcbe5dfc,8a8d53de37400100fceabfc8bcbe5d1e",NULL,196968,0,NULL,NULL,strategic,NULL,core_company,b7ef1babc0a801690041986c505a0446,admin,2013-05-09 20:41:56,glide.maint,2005-08-15 02:19:24,10,0.0000,0.0000,0.0000,NULL,NULL,NULL,NULL
167,CA Technologies,One CA Plaza,Islandia,NY,11749,USA,(800) 225-5224,(800) 225-5224,NULL,1,1,0,NULL,NULL,CA,27.72,0,NULL,NULL,NULL,NULL,2: couldn't find this address! sorry,569d6263df300100cd7da5f59bf2632c,NULL,13600,0,NULL,NULL,NULL,NULL,core_company,b7f83883c0a801690137e2dc030327d5,admin,2013-05-07 05:50:22,glide.maint,2005-08-15 02:29:22,11,0.0000,0.0000,0.0000,NULL,NULL,NULL,NULL
168,Veritas Software,350 Ellis Street,Mountain view,CA,NULL,USA,(650) 527-8000,(650) 527-8000,NULL,1,1,0,NULL,NULL,NULL,NULL,0,NULL,NULL,37.3970530,-122.0537670,NULL,8a8d53de37400100fceabfc8bcbe5d1e,NULL,34,0,www.veritas.com,NULL,NULL,NULL,core_company,b7f87a3cc0a8016900db31585fa58fea,admin,2013-05-09 17:15:50,glide.maint,2005-08-15 02:29:39,7,0.0000,0.0000,0.0000,NULL,NULL,NULL,NULL
169,SAP,Dietmar-Hopp-Allee 16,Walldorf,NULL,69190,Germany,49 6227 747474,49 6227 747474,NULL,1,1,0,NULL,NULL,SAP,81.14,0,NULL,NULL,NULL,NULL,2: couldn't find this address! sorry,569d6263df300100cd7da5f59bf2632c,NULL,64598,1,www.SAP.com,NULL,strategic,NULL,core_company,b7fa6247c0a8016900f7821d96bc1ec3,admin,2013-06-05 22:40:16,glide.maint,2005-08-15 02:31:43,7,0.0000,0.0000,0.0000,NULL,NULL,NULL,NULL
170,Cyberpower,5175 Commerce Dr.,Baldwin Park,CA,91706,USA,(888) 900-5180,(626) 813-7730,NULL,1,1,0,NULL,NULL,3617.TW,59.10,0,NULL,NULL,34.1045520,-117.9747790,NULL,1c8d13de37400100fceabfc8bcbe5dfc,NULL,113,0,NULL,NULL,NULL,NULL,core_company,b9eabd7737e3100044e0bfc8bcbe5d10,admin,2013-06-05 22:35:26,admin,2012-01-20 20:22:26,7,0.0000,0.0000,0.0000,NULL,NULL,NULL,NULL
171,Iris,3452 Clairemont Blvd,"San Diego, CA 92117",CA,92117,USA,(858) 555-2342,(858) 555-2342,NULL,1,1,0,NULL,NULL,NULL,NULL,0,NULL,NULL,NULL,NULL,2: couldn't find this address! sorry,1c8d13de37400100fceabfc8bcbe5dfc,NULL,50,0,www.irisservers.com,NULL,NULL,NULL,core_company,c115c2f737e3100044e0bfc8bcbe5d46,admin,2013-05-09 19:01:37,admin,2012-01-20 21:09:40,5,0.0000,0.0000,0.0000,NULL,NULL,NULL,NULL
172,CyberRAIDª,NULL,NULL,NULL,NULL,USA,NULL,NULL,NULL,0,0,0,NULL,NULL,NULL,NULL,0,NULL,NULL,NULL,NULL,NULL,1c8d13de37400100fceabfc8bcbe5dfc,NULL,NULL,0,NULL,NULL,NULL,NULL,core_company,ccbae233d7010100fceaa6859e610354,admin,2013-06-05 17:15:07,admin,2013-05-07 05:50:23,1,0.0000,0.0000,0.0000,NULL,NULL,NULL,NULL
173,ACME Australia,NULL,Sydney,NULL,NULL,RPC,NULL,NULL,NULL,0,0,1,81f95197ac1d55eb35432fd1e068385e,NULL,ACME,NULL,0,NULL,NULL,32.7114720,-117.1665870,NULL,NULL,NULL,NULL,0,NULL,NULL,NULL,NULL,core_company,df7d53303710200044e0bfc8bcbe5dac,admin,2013-06-05 22:21:12,admin,2012-02-18 02:39:31,1,0.0000,0.0000,0.0000,NULL,NULL,NULL,NULL
174,ACME Corporation,NULL,NULL,NULL,NULL,USA,NULL,NULL,NULL,0,0,1,NULL,NULL,NULL,NULL,0,NULL,NULL,NULL,NULL,NULL,NULL,NULL,NULL,0,NULL,NULL,NULL,NULL,core_company,e7c1f3d53790200044e0bfc8bcbe5deb,admin,2013-06-05 22:21:36,admin,2012-02-19 17:24:09,2,0.0000,0.0000,0.0000,NULL,NULL,NULL,NULL
175,Wacom,2-510-1 Toyonodai,Kazo,NULL,349-1148,Japan,81 4 8078 1211,81 4 8078 1211,NULL,1,1,0,NULL,NULL,WACMF,33.25,0,NULL,NULL,36.1237600,139.6666870,NULL,1c8d13de37400100fceabfc8bcbe5dfc,NULL,NULL,0,www.wacom.co.jp,NULL,NULL,NULL,core_company,e8ff32d21b5310002502fbcd2c071347,admin,2013-05-08 20:55:17,admin,2012-01-03 23:17:08,4,0.0000,0.0000,0.0000,NULL,NULL,NULL,NULL
176,Your name here,NULL,NULL,NULL,NULL,USA,NULL,NULL,NULL,1,0,0,NULL,NULL,NULL,NULL,1,77eb60325f210100a9ad2572f2b477ae,Service Management,NULL,NULL,NULL,NULL,NULL,NULL,0,NULL,NULL,NULL,NULL,core_company,f66b14e1c611227b0166c3a0df4046ff,admin,2022-04-20 23:58:13,admin,2006-03-14 01:42:26,9,0.0000,0.0000,0.0000,NULL,ccbd67c4408f4110f8775ad9518199da,NULL,NULL
177,Lexmark,One Lexmark Centre Drive,Lexington,KY,40550,USA,(859) 232-2000,(859) 232-2000,NULL,1,1,0,NULL,NULL,LXK,30.97,0,NULL,NULL,NULL,NULL,2: couldn't find this address! sorry,1c8d13de37400100fceabfc8bcbe5dfc,NULL,12200,0,www.lexmark.com,NULL,valued,NULL,core_company,f96b927b37e3100044e0bfc8bcbe5dd2,admin,2013-05-09 18:37:12,admin,2012-01-20 22:47:11,5,0.0000,0.0000,0.0000,NULL,NULL,NULL,NULL
